{
  "evaluation": {
    "mrr_url": 0.7978333333333333,
    "hit_rate_at_5": 0.93,
    "hit_rate_at_10": 0.93,
    "avg_csfs": 0.012222222222222223,
    "avg_cus": 0.7208382871233858,
    "avg_acs": 0.6368011083774268,
    "avg_latency_ms": 1600.4024159966502,
    "num_questions": 100
  },
  "ablation": {
    "hybrid": {
      "mrr_url": 0.7978333333333333,
      "hit_rate_at_5": 0.93,
      "avg_latency_ms": 1706.0035870032152
    },
    "dense_only": {
      "mrr_url": 0.8541666666666667,
      "hit_rate_at_5": 0.93,
      "avg_latency_ms": 1706.0035870032152
    },
    "sparse_only": {
      "mrr_url": 0.7361666666666666,
      "hit_rate_at_5": 0.92,
      "avg_latency_ms": 1706.0035870032152
    }
  }
}